{"cameraMode":{"drawMode":0,"name":"Shaded","section":"Shading Mode"},"sceneLighting":false,"audioPlay":false,"sceneViewState":{"m_AlwaysRefresh":false,"showFog":true,"showSkybox":false,"showFlares":true,"showImageEffects":true,"showParticleSystems":true,"showVisualEffectGraphs":true,"m_FxEnabled":true},"in2DMode":false,"pivot":{"x":-68.38818359375,"y":14.322013854980469,"z":-11.255250930786133},"rotation":{"x":0.013469348661601544,"y":-0.9863547086715698,"z":0.12525255978107453,"w":0.10605119168758393},"size":0.21212583780288697,"orthographic":false}