{"cameraMode":{"drawMode":0,"name":"Shaded","section":"Shading Mode"},"sceneLighting":false,"audioPlay":false,"sceneViewState":{"m_AlwaysRefresh":false,"showFog":true,"showSkybox":false,"showFlares":true,"showImageEffects":true,"showParticleSystems":true,"showVisualEffectGraphs":true,"m_FxEnabled":true},"in2DMode":false,"pivot":{"x":-17.898780822753908,"y":1.5542573928833008,"z":-6.8885111808776859},"rotation":{"x":0.24289849400520326,"y":-0.053678710013628009,"z":0.013940045610070229,"w":0.9686517119407654},"size":1.5760047435760499,"orthographic":false}