{"cameraMode":{"drawMode":0,"name":"Shaded","section":"Shading Mode"},"sceneLighting":false,"audioPlay":false,"sceneViewState":{"m_AlwaysRefresh":false,"showFog":true,"showSkybox":false,"showFlares":true,"showImageEffects":true,"showParticleSystems":true,"showVisualEffectGraphs":true,"m_FxEnabled":true},"in2DMode":false,"pivot":{"x":-46.09315490722656,"y":-2.4662632942199709,"z":35.123680114746097},"rotation":{"x":-0.0001433598663425073,"y":-0.9982762336730957,"z":0.05877608060836792,"w":-0.002388371154665947},"size":12.409420013427735,"orthographic":false}